,name,pic,path_x1
0,Abel_Pacheco,0001,dataset/Abel_Pacheco/Abel_Pacheco_0001.jpg
1,Abel_Pacheco,0004,dataset/Abel_Pacheco/Abel_Pacheco_0004.jpg
2,Akhmed_Zakayev,0001,dataset/Akhmed_Zakayev/Akhmed_Zakayev_0001.jpg
3,Akhmed_Zakayev,0002,dataset/Akhmed_Zakayev/Akhmed_Zakayev_0002.jpg
4,Akhmed_Zakayev,0003,dataset/Akhmed_Zakayev/Akhmed_Zakayev_0003.jpg
5,Amber_Tamblyn,0001,dataset/Amber_Tamblyn/Amber_Tamblyn_0001.jpg
6,Amber_Tamblyn,0002,dataset/Amber_Tamblyn/Amber_Tamblyn_0002.jpg
7,Anders_Fogh_Rasmussen,0001,dataset/Anders_Fogh_Rasmussen/Anders_Fogh_Rasmussen_0001.jpg
8,Anders_Fogh_Rasmussen,0003,dataset/Anders_Fogh_Rasmussen/Anders_Fogh_Rasmussen_0003.jpg
9,Anders_Fogh_Rasmussen,0004,dataset/Anders_Fogh_Rasmussen/Anders_Fogh_Rasmussen_0004.jpg
10,Angela_Bassett,0001,dataset/Angela_Bassett/Angela_Bassett_0001.jpg
11,Angela_Bassett,0002,dataset/Angela_Bassett/Angela_Bassett_0002.jpg
12,Angela_Bassett,0003,dataset/Angela_Bassett/Angela_Bassett_0003.jpg
13,Angela_Bassett,0004,dataset/Angela_Bassett/Angela_Bassett_0004.jpg
14,Angela_Bassett,0005,dataset/Angela_Bassett/Angela_Bassett_0005.jpg
15,Ann_Veneman,0010,dataset/Ann_Veneman/Ann_Veneman_0010.jpg
16,Ann_Veneman,0011,dataset/Ann_Veneman/Ann_Veneman_0011.jpg
17,Ann_Veneman,0003,dataset/Ann_Veneman/Ann_Veneman_0003.jpg
18,Ann_Veneman,0005,dataset/Ann_Veneman/Ann_Veneman_0005.jpg
19,Ann_Veneman,0006,dataset/Ann_Veneman/Ann_Veneman_0006.jpg
20,Anthony_Fauci,0001,dataset/Anthony_Fauci/Anthony_Fauci_0001.jpg
21,Anthony_Fauci,0002,dataset/Anthony_Fauci/Anthony_Fauci_0002.jpg
22,Antony_Leung,0001,dataset/Antony_Leung/Antony_Leung_0001.jpg
23,Antony_Leung,0002,dataset/Antony_Leung/Antony_Leung_0002.jpg
24,Antony_Leung,0003,dataset/Antony_Leung/Antony_Leung_0003.jpg
25,Anwar_Ibrahim,0001,dataset/Anwar_Ibrahim/Anwar_Ibrahim_0001.jpg
26,Anwar_Ibrahim,0002,dataset/Anwar_Ibrahim/Anwar_Ibrahim_0002.jpg
27,Augusto_Pinochet,0001,dataset/Augusto_Pinochet/Augusto_Pinochet_0001.jpg
28,Augusto_Pinochet,0002,dataset/Augusto_Pinochet/Augusto_Pinochet_0002.jpg
29,Barbara_Brezigar,0001,dataset/Barbara_Brezigar/Barbara_Brezigar_0001.jpg
30,Barbara_Brezigar,0002,dataset/Barbara_Brezigar/Barbara_Brezigar_0002.jpg
31,Benjamin_Netanyahu,0001,dataset/Benjamin_Netanyahu/Benjamin_Netanyahu_0001.jpg
32,Benjamin_Netanyahu,0004,dataset/Benjamin_Netanyahu/Benjamin_Netanyahu_0004.jpg
33,Benjamin_Netanyahu,0005,dataset/Benjamin_Netanyahu/Benjamin_Netanyahu_0005.jpg
34,Bernard_Law,0002,dataset/Bernard_Law/Bernard_Law_0002.jpg
35,Bernard_Law,0003,dataset/Bernard_Law/Bernard_Law_0003.jpg
36,Bernard_Law,0004,dataset/Bernard_Law/Bernard_Law_0004.jpg
37,Bertrand_Bonello,0001,dataset/Bertrand_Bonello/Bertrand_Bonello_0001.jpg
38,Bertrand_Bonello,0002,dataset/Bertrand_Bonello/Bertrand_Bonello_0002.jpg
39,Bill_Frist,0002,dataset/Bill_Frist/Bill_Frist_0002.jpg
40,Bill_Frist,0004,dataset/Bill_Frist/Bill_Frist_0004.jpg
41,Bill_Frist,0005,dataset/Bill_Frist/Bill_Frist_0005.jpg
42,Bill_Frist,0009,dataset/Bill_Frist/Bill_Frist_0009.jpg
43,Bob_Graham,0002,dataset/Bob_Graham/Bob_Graham_0002.jpg
44,Bob_Graham,0003,dataset/Bob_Graham/Bob_Graham_0003.jpg
45,Bob_Graham,0004,dataset/Bob_Graham/Bob_Graham_0004.jpg
46,Bob_Graham,0005,dataset/Bob_Graham/Bob_Graham_0005.jpg
47,Bob_Graham,0006,dataset/Bob_Graham/Bob_Graham_0006.jpg
48,Boris_Becker,0002,dataset/Boris_Becker/Boris_Becker_0002.jpg
49,Boris_Becker,0006,dataset/Boris_Becker/Boris_Becker_0006.jpg
50,Brad_Johnson,0001,dataset/Brad_Johnson/Brad_Johnson_0001.jpg
51,Brad_Johnson,0002,dataset/Brad_Johnson/Brad_Johnson_0002.jpg
52,Brad_Johnson,0003,dataset/Brad_Johnson/Brad_Johnson_0003.jpg
53,Brad_Johnson,0004,dataset/Brad_Johnson/Brad_Johnson_0004.jpg
54,Brian_Griese,0001,dataset/Brian_Griese/Brian_Griese_0001.jpg
55,Brian_Griese,0002,dataset/Brian_Griese/Brian_Griese_0002.jpg
56,Candice_Bergen,0001,dataset/Candice_Bergen/Candice_Bergen_0001.jpg
57,Candice_Bergen,0002,dataset/Candice_Bergen/Candice_Bergen_0002.jpg
58,Candice_Bergen,0003,dataset/Candice_Bergen/Candice_Bergen_0003.jpg
59,Carla_Myers,0001,dataset/Carla_Myers/Carla_Myers_0001.jpg
60,Carla_Myers,0002,dataset/Carla_Myers/Carla_Myers_0002.jpg
61,Cathy_Freeman,0001,dataset/Cathy_Freeman/Cathy_Freeman_0001.jpg
62,Cathy_Freeman,0002,dataset/Cathy_Freeman/Cathy_Freeman_0002.jpg
63,Chang_Dae-whan,0001,dataset/Chang_Dae-whan/Chang_Dae-whan_0001.jpg
64,Chang_Dae-whan,0002,dataset/Chang_Dae-whan/Chang_Dae-whan_0002.jpg
65,Charles_Grassley,0001,dataset/Charles_Grassley/Charles_Grassley_0001.jpg
66,Charles_Grassley,0002,dataset/Charles_Grassley/Charles_Grassley_0002.jpg
67,Clare_Short,0001,dataset/Clare_Short/Clare_Short_0001.jpg
68,Clare_Short,0003,dataset/Clare_Short/Clare_Short_0003.jpg
69,Clare_Short,0004,dataset/Clare_Short/Clare_Short_0004.jpg
70,Corinne_Coman,0001,dataset/Corinne_Coman/Corinne_Coman_0001.jpg
71,Corinne_Coman,0002,dataset/Corinne_Coman/Corinne_Coman_0002.jpg
72,Dai_Bachtiar,0001,dataset/Dai_Bachtiar/Dai_Bachtiar_0001.jpg
73,Dai_Bachtiar,0002,dataset/Dai_Bachtiar/Dai_Bachtiar_0002.jpg
74,Dale_Earnhardt_Jr,0001,dataset/Dale_Earnhardt_Jr/Dale_Earnhardt_Jr_0001.jpg
75,Dale_Earnhardt_Jr,0003,dataset/Dale_Earnhardt_Jr/Dale_Earnhardt_Jr_0003.jpg
76,David_Caruso,0001,dataset/David_Caruso/David_Caruso_0001.jpg
77,David_Caruso,0002,dataset/David_Caruso/David_Caruso_0002.jpg
78,Demi_Moore,0001,dataset/Demi_Moore/Demi_Moore_0001.jpg
79,Demi_Moore,0003,dataset/Demi_Moore/Demi_Moore_0003.jpg
80,Dick_Vermeil,0001,dataset/Dick_Vermeil/Dick_Vermeil_0001.jpg
81,Dick_Vermeil,0002,dataset/Dick_Vermeil/Dick_Vermeil_0002.jpg
82,Doris_Roberts,0001,dataset/Doris_Roberts/Doris_Roberts_0001.jpg
83,Doris_Roberts,0002,dataset/Doris_Roberts/Doris_Roberts_0002.jpg
84,Doris_Roberts,0003,dataset/Doris_Roberts/Doris_Roberts_0003.jpg
85,Drew_Barrymore,0001,dataset/Drew_Barrymore/Drew_Barrymore_0001.jpg
86,Drew_Barrymore,0002,dataset/Drew_Barrymore/Drew_Barrymore_0002.jpg
87,Edmund_Stoiber,0011,dataset/Edmund_Stoiber/Edmund_Stoiber_0011.jpg
88,Edmund_Stoiber,0012,dataset/Edmund_Stoiber/Edmund_Stoiber_0012.jpg
89,Edmund_Stoiber,0004,dataset/Edmund_Stoiber/Edmund_Stoiber_0004.jpg
90,Edmund_Stoiber,0005,dataset/Edmund_Stoiber/Edmund_Stoiber_0005.jpg
91,Edmund_Stoiber,0007,dataset/Edmund_Stoiber/Edmund_Stoiber_0007.jpg
92,Edmund_Stoiber,0009,dataset/Edmund_Stoiber/Edmund_Stoiber_0009.jpg
93,Elinor_Caplan,0001,dataset/Elinor_Caplan/Elinor_Caplan_0001.jpg
94,Elinor_Caplan,0002,dataset/Elinor_Caplan/Elinor_Caplan_0002.jpg
95,Emmanuelle_Beart,0001,dataset/Emmanuelle_Beart/Emmanuelle_Beart_0001.jpg
96,Emmanuelle_Beart,0002,dataset/Emmanuelle_Beart/Emmanuelle_Beart_0002.jpg
97,Emmanuelle_Beart,0003,dataset/Emmanuelle_Beart/Emmanuelle_Beart_0003.jpg
98,Federico_Trillo,0001,dataset/Federico_Trillo/Federico_Trillo_0001.jpg
99,Federico_Trillo,0002,dataset/Federico_Trillo/Federico_Trillo_0002.jpg
100,Federico_Trillo,0003,dataset/Federico_Trillo/Federico_Trillo_0003.jpg
101,Francis_Ford_Coppola,0001,dataset/Francis_Ford_Coppola/Francis_Ford_Coppola_0001.jpg
102,Francis_Ford_Coppola,0002,dataset/Francis_Ford_Coppola/Francis_Ford_Coppola_0002.jpg
103,Fred_Thompson,0001,dataset/Fred_Thompson/Fred_Thompson_0001.jpg
104,Fred_Thompson,0002,dataset/Fred_Thompson/Fred_Thompson_0002.jpg
105,Fred_Thompson,0003,dataset/Fred_Thompson/Fred_Thompson_0003.jpg
106,Garry_Trudeau,0001,dataset/Garry_Trudeau/Garry_Trudeau_0001.jpg
107,Garry_Trudeau,0002,dataset/Garry_Trudeau/Garry_Trudeau_0002.jpg
108,Gary_Williams,0001,dataset/Gary_Williams/Gary_Williams_0001.jpg
109,Gary_Williams,0002,dataset/Gary_Williams/Gary_Williams_0002.jpg
110,Gene_Robinson,0001,dataset/Gene_Robinson/Gene_Robinson_0001.jpg
111,Gene_Robinson,0002,dataset/Gene_Robinson/Gene_Robinson_0002.jpg
112,Gene_Robinson,0003,dataset/Gene_Robinson/Gene_Robinson_0003.jpg
113,George_Galloway,0001,dataset/George_Galloway/George_Galloway_0001.jpg
114,George_Galloway,0002,dataset/George_Galloway/George_Galloway_0002.jpg
115,George_Galloway,0003,dataset/George_Galloway/George_Galloway_0003.jpg
116,George_Galloway,0004,dataset/George_Galloway/George_Galloway_0004.jpg
117,Geraldine_Chaplin,0001,dataset/Geraldine_Chaplin/Geraldine_Chaplin_0001.jpg
118,Geraldine_Chaplin,0002,dataset/Geraldine_Chaplin/Geraldine_Chaplin_0002.jpg
119,Geraldine_Chaplin,0003,dataset/Geraldine_Chaplin/Geraldine_Chaplin_0003.jpg
120,Geraldine_Chaplin,0004,dataset/Geraldine_Chaplin/Geraldine_Chaplin_0004.jpg
121,Gerardo_Gambala,0001,dataset/Gerardo_Gambala/Gerardo_Gambala_0001.jpg
122,Gerardo_Gambala,0002,dataset/Gerardo_Gambala/Gerardo_Gambala_0002.jpg
123,Gian_Marco,0001,dataset/Gian_Marco/Gian_Marco_0001.jpg
124,Gian_Marco,0002,dataset/Gian_Marco/Gian_Marco_0002.jpg
125,Gian_Marco,0003,dataset/Gian_Marco/Gian_Marco_0003.jpg
126,Gillian_Anderson,0001,dataset/Gillian_Anderson/Gillian_Anderson_0001.jpg
127,Gillian_Anderson,0002,dataset/Gillian_Anderson/Gillian_Anderson_0002.jpg
128,Gordon_Brown,0010,dataset/Gordon_Brown/Gordon_Brown_0010.jpg
129,Gordon_Brown,0013,dataset/Gordon_Brown/Gordon_Brown_0013.jpg
130,Gordon_Brown,0006,dataset/Gordon_Brown/Gordon_Brown_0006.jpg
131,Gordon_Brown,0009,dataset/Gordon_Brown/Gordon_Brown_0009.jpg
132,Grant_Hackett,0001,dataset/Grant_Hackett/Grant_Hackett_0001.jpg
133,Grant_Hackett,0002,dataset/Grant_Hackett/Grant_Hackett_0002.jpg
134,Grant_Hackett,0003,dataset/Grant_Hackett/Grant_Hackett_0003.jpg
135,Grant_Hackett,0005,dataset/Grant_Hackett/Grant_Hackett_0005.jpg
136,Gray_Davis,0021,dataset/Gray_Davis/Gray_Davis_0021.jpg
137,Gray_Davis,0022,dataset/Gray_Davis/Gray_Davis_0022.jpg
138,Gray_Davis,0026,dataset/Gray_Davis/Gray_Davis_0026.jpg
139,Gray_Davis,0007,dataset/Gray_Davis/Gray_Davis_0007.jpg
140,Gregg_Popovich,0001,dataset/Gregg_Popovich/Gregg_Popovich_0001.jpg
141,Gregg_Popovich,0003,dataset/Gregg_Popovich/Gregg_Popovich_0003.jpg
142,Gregg_Popovich,0004,dataset/Gregg_Popovich/Gregg_Popovich_0004.jpg
143,Gregg_Popovich,0005,dataset/Gregg_Popovich/Gregg_Popovich_0005.jpg
144,Guy_Ritchie,0001,dataset/Guy_Ritchie/Guy_Ritchie_0001.jpg
145,Guy_Ritchie,0002,dataset/Guy_Ritchie/Guy_Ritchie_0002.jpg
146,Hamzah_Haz,0001,dataset/Hamzah_Haz/Hamzah_Haz_0001.jpg
147,Hamzah_Haz,0002,dataset/Hamzah_Haz/Hamzah_Haz_0002.jpg
148,Harbhajan_Singh,0001,dataset/Harbhajan_Singh/Harbhajan_Singh_0001.jpg
149,Harbhajan_Singh,0002,dataset/Harbhajan_Singh/Harbhajan_Singh_0002.jpg
150,Hootie_Johnson,0001,dataset/Hootie_Johnson/Hootie_Johnson_0001.jpg
151,Hootie_Johnson,0002,dataset/Hootie_Johnson/Hootie_Johnson_0002.jpg
152,Hugo_Chavez,0002,dataset/Hugo_Chavez/Hugo_Chavez_0002.jpg
153,Hugo_Chavez,0027,dataset/Hugo_Chavez/Hugo_Chavez_0027.jpg
154,Hugo_Chavez,0036,dataset/Hugo_Chavez/Hugo_Chavez_0036.jpg
155,Hugo_Chavez,0041,dataset/Hugo_Chavez/Hugo_Chavez_0041.jpg
156,Hugo_Chavez,0045,dataset/Hugo_Chavez/Hugo_Chavez_0045.jpg
157,Hugo_Chavez,0050,dataset/Hugo_Chavez/Hugo_Chavez_0050.jpg
158,Hugo_Chavez,0051,dataset/Hugo_Chavez/Hugo_Chavez_0051.jpg
159,Hugo_Chavez,0053,dataset/Hugo_Chavez/Hugo_Chavez_0053.jpg
160,Hugo_Chavez,0056,dataset/Hugo_Chavez/Hugo_Chavez_0056.jpg
161,Isaiah_Washington,0001,dataset/Isaiah_Washington/Isaiah_Washington_0001.jpg
162,Isaiah_Washington,0002,dataset/Isaiah_Washington/Isaiah_Washington_0002.jpg
163,Jack_Grubman,0001,dataset/Jack_Grubman/Jack_Grubman_0001.jpg
164,Jack_Grubman,0002,dataset/Jack_Grubman/Jack_Grubman_0002.jpg
165,Jacques_Rogge,0001,dataset/Jacques_Rogge/Jacques_Rogge_0001.jpg
166,Jacques_Rogge,0010,dataset/Jacques_Rogge/Jacques_Rogge_0010.jpg
167,Jacques_Rogge,0003,dataset/Jacques_Rogge/Jacques_Rogge_0003.jpg
168,Jacques_Rogge,0004,dataset/Jacques_Rogge/Jacques_Rogge_0004.jpg
169,Jacques_Rogge,0005,dataset/Jacques_Rogge/Jacques_Rogge_0005.jpg
170,Jacques_Rogge,0006,dataset/Jacques_Rogge/Jacques_Rogge_0006.jpg
171,Jacques_Rogge,0007,dataset/Jacques_Rogge/Jacques_Rogge_0007.jpg
172,Jacques_Rogge,0008,dataset/Jacques_Rogge/Jacques_Rogge_0008.jpg
173,Jacques_Rogge,0009,dataset/Jacques_Rogge/Jacques_Rogge_0009.jpg
174,James_Caan,0001,dataset/James_Caan/James_Caan_0001.jpg
175,James_Caan,0002,dataset/James_Caan/James_Caan_0002.jpg
176,James_Caan,0003,dataset/James_Caan/James_Caan_0003.jpg
177,James_Jones,0001,dataset/James_Jones/James_Jones_0001.jpg
178,James_Jones,0002,dataset/James_Jones/James_Jones_0002.jpg
179,Jamling_Norgay,0001,dataset/Jamling_Norgay/Jamling_Norgay_0001.jpg
180,Jamling_Norgay,0002,dataset/Jamling_Norgay/Jamling_Norgay_0002.jpg
181,Janica_Kostelic,0001,dataset/Janica_Kostelic/Janica_Kostelic_0001.jpg
182,Janica_Kostelic,0002,dataset/Janica_Kostelic/Janica_Kostelic_0002.jpg
183,Jeanne_Moreau,0001,dataset/Jeanne_Moreau/Jeanne_Moreau_0001.jpg
184,Jeanne_Moreau,0002,dataset/Jeanne_Moreau/Jeanne_Moreau_0002.jpg
185,Jeffrey_Archer,0001,dataset/Jeffrey_Archer/Jeffrey_Archer_0001.jpg
186,Jeffrey_Archer,0002,dataset/Jeffrey_Archer/Jeffrey_Archer_0002.jpg
187,Jennifer_Garner,0001,dataset/Jennifer_Garner/Jennifer_Garner_0001.jpg
188,Jennifer_Garner,0011,dataset/Jennifer_Garner/Jennifer_Garner_0011.jpg
189,Jennifer_Garner,0012,dataset/Jennifer_Garner/Jennifer_Garner_0012.jpg
190,Jennifer_Garner,0003,dataset/Jennifer_Garner/Jennifer_Garner_0003.jpg
191,Jennifer_Garner,0004,dataset/Jennifer_Garner/Jennifer_Garner_0004.jpg
192,Jennifer_Garner,0005,dataset/Jennifer_Garner/Jennifer_Garner_0005.jpg
193,Jennifer_Garner,0006,dataset/Jennifer_Garner/Jennifer_Garner_0006.jpg
194,Jennifer_Garner,0007,dataset/Jennifer_Garner/Jennifer_Garner_0007.jpg
195,Jennifer_Garner,0008,dataset/Jennifer_Garner/Jennifer_Garner_0008.jpg
196,Jennifer_Garner,0009,dataset/Jennifer_Garner/Jennifer_Garner_0009.jpg
197,Jeremy_Greenstock,0010,dataset/Jeremy_Greenstock/Jeremy_Greenstock_0010.jpg
198,Jeremy_Greenstock,0011,dataset/Jeremy_Greenstock/Jeremy_Greenstock_0011.jpg
199,Jeremy_Greenstock,0014,dataset/Jeremy_Greenstock/Jeremy_Greenstock_0014.jpg
200,Jeremy_Greenstock,0017,dataset/Jeremy_Greenstock/Jeremy_Greenstock_0017.jpg
201,Jeremy_Greenstock,0002,dataset/Jeremy_Greenstock/Jeremy_Greenstock_0002.jpg
202,Jeremy_Greenstock,0021,dataset/Jeremy_Greenstock/Jeremy_Greenstock_0021.jpg
203,Jeremy_Greenstock,0022,dataset/Jeremy_Greenstock/Jeremy_Greenstock_0022.jpg
204,Jeremy_Greenstock,0024,dataset/Jeremy_Greenstock/Jeremy_Greenstock_0024.jpg
205,Jeremy_Greenstock,0003,dataset/Jeremy_Greenstock/Jeremy_Greenstock_0003.jpg
206,Jeremy_Greenstock,0005,dataset/Jeremy_Greenstock/Jeremy_Greenstock_0005.jpg
207,Jessica_Lange,0001,dataset/Jessica_Lange/Jessica_Lange_0001.jpg
208,Jessica_Lange,0002,dataset/Jessica_Lange/Jessica_Lange_0002.jpg
209,Jimmy_Carter,0001,dataset/Jimmy_Carter/Jimmy_Carter_0001.jpg
210,Jimmy_Carter,0004,dataset/Jimmy_Carter/Jimmy_Carter_0004.jpg
211,Jimmy_Carter,0005,dataset/Jimmy_Carter/Jimmy_Carter_0005.jpg
212,Jimmy_Carter,0006,dataset/Jimmy_Carter/Jimmy_Carter_0006.jpg
213,Jimmy_Carter,0007,dataset/Jimmy_Carter/Jimmy_Carter_0007.jpg
214,Jimmy_Carter,0008,dataset/Jimmy_Carter/Jimmy_Carter_0008.jpg
215,Jodie_Foster,0001,dataset/Jodie_Foster/Jodie_Foster_0001.jpg
216,Jodie_Foster,0002,dataset/Jodie_Foster/Jodie_Foster_0002.jpg
217,John_Manley,0001,dataset/John_Manley/John_Manley_0001.jpg
218,John_Manley,0002,dataset/John_Manley/John_Manley_0002.jpg
219,John_Manley,0005,dataset/John_Manley/John_Manley_0005.jpg
220,John_Manley,0006,dataset/John_Manley/John_Manley_0006.jpg
221,John_McCain,0002,dataset/John_McCain/John_McCain_0002.jpg
222,John_McCain,0003,dataset/John_McCain/John_McCain_0003.jpg
223,John_McCain,0006,dataset/John_McCain/John_McCain_0006.jpg
224,John_McCain,0007,dataset/John_McCain/John_McCain_0007.jpg
225,John_Snow,0011,dataset/John_Snow/John_Snow_0011.jpg
226,John_Snow,0015,dataset/John_Snow/John_Snow_0015.jpg
227,John_Snow,0016,dataset/John_Snow/John_Snow_0016.jpg
228,John_Snow,0003,dataset/John_Snow/John_Snow_0003.jpg
229,John_Snow,0004,dataset/John_Snow/John_Snow_0004.jpg
230,John_Snow,0009,dataset/John_Snow/John_Snow_0009.jpg
231,Johnson_Panjaitan,0001,dataset/Johnson_Panjaitan/Johnson_Panjaitan_0001.jpg
232,Johnson_Panjaitan,0002,dataset/Johnson_Panjaitan/Johnson_Panjaitan_0002.jpg
233,Jorge_Castaneda,0001,dataset/Jorge_Castaneda/Jorge_Castaneda_0001.jpg
234,Jorge_Castaneda,0002,dataset/Jorge_Castaneda/Jorge_Castaneda_0002.jpg
235,Jose_Serra,0001,dataset/Jose_Serra/Jose_Serra_0001.jpg
236,Jose_Serra,0002,dataset/Jose_Serra/Jose_Serra_0002.jpg
237,Jose_Serra,0003,dataset/Jose_Serra/Jose_Serra_0003.jpg
238,Jose_Serra,0005,dataset/Jose_Serra/Jose_Serra_0005.jpg
239,Jose_Serra,0006,dataset/Jose_Serra/Jose_Serra_0006.jpg
240,Jose_Serra,0007,dataset/Jose_Serra/Jose_Serra_0007.jpg
241,Jose_Serra,0008,dataset/Jose_Serra/Jose_Serra_0008.jpg
242,Jose_Serra,0009,dataset/Jose_Serra/Jose_Serra_0009.jpg
243,Jose_Theodore,0001,dataset/Jose_Theodore/Jose_Theodore_0001.jpg
244,Jose_Theodore,0002,dataset/Jose_Theodore/Jose_Theodore_0002.jpg
245,Joseph_Blatter,0001,dataset/Joseph_Blatter/Joseph_Blatter_0001.jpg
246,Joseph_Blatter,0002,dataset/Joseph_Blatter/Joseph_Blatter_0002.jpg
247,Joseph_Ralston,0001,dataset/Joseph_Ralston/Joseph_Ralston_0001.jpg
248,Joseph_Ralston,0002,dataset/Joseph_Ralston/Joseph_Ralston_0002.jpg
249,Juan_Pablo_Montoya,0001,dataset/Juan_Pablo_Montoya/Juan_Pablo_Montoya_0001.jpg
250,Juan_Pablo_Montoya,0002,dataset/Juan_Pablo_Montoya/Juan_Pablo_Montoya_0002.jpg
251,Juan_Pablo_Montoya,0004,dataset/Juan_Pablo_Montoya/Juan_Pablo_Montoya_0004.jpg
252,Juan_Pablo_Montoya,0005,dataset/Juan_Pablo_Montoya/Juan_Pablo_Montoya_0005.jpg
253,Juan_Pablo_Montoya,0008,dataset/Juan_Pablo_Montoya/Juan_Pablo_Montoya_0008.jpg
254,Julianna_Margulies,0001,dataset/Julianna_Margulies/Julianna_Margulies_0001.jpg
255,Julianna_Margulies,0002,dataset/Julianna_Margulies/Julianna_Margulies_0002.jpg
256,Justin_Guarini,0001,dataset/Justin_Guarini/Justin_Guarini_0001.jpg
257,Justin_Guarini,0002,dataset/Justin_Guarini/Justin_Guarini_0002.jpg
258,Justin_Guarini,0003,dataset/Justin_Guarini/Justin_Guarini_0003.jpg
259,Justine_Henin,0002,dataset/Justine_Henin/Justine_Henin_0002.jpg
260,Justine_Henin,0003,dataset/Justine_Henin/Justine_Henin_0003.jpg
261,Kate_Winslet,0001,dataset/Kate_Winslet/Kate_Winslet_0001.jpg
262,Kate_Winslet,0002,dataset/Kate_Winslet/Kate_Winslet_0002.jpg
263,Kate_Winslet,0003,dataset/Kate_Winslet/Kate_Winslet_0003.jpg
264,Kate_Winslet,0004,dataset/Kate_Winslet/Kate_Winslet_0004.jpg
265,Kathy_Winters,0001,dataset/Kathy_Winters/Kathy_Winters_0001.jpg
266,Kathy_Winters,0002,dataset/Kathy_Winters/Kathy_Winters_0002.jpg
267,Kelvin_Sampson,0001,dataset/Kelvin_Sampson/Kelvin_Sampson_0001.jpg
268,Kelvin_Sampson,0002,dataset/Kelvin_Sampson/Kelvin_Sampson_0002.jpg
269,Kevin_Stallings,0001,dataset/Kevin_Stallings/Kevin_Stallings_0001.jpg
270,Kevin_Stallings,0002,dataset/Kevin_Stallings/Kevin_Stallings_0002.jpg
271,Kim_Jong-Il,0002,dataset/Kim_Jong-Il/Kim_Jong-Il_0002.jpg
272,Kim_Jong-Il,0003,dataset/Kim_Jong-Il/Kim_Jong-Il_0003.jpg
273,Kristin_Davis,0001,dataset/Kristin_Davis/Kristin_Davis_0001.jpg
274,Kristin_Davis,0002,dataset/Kristin_Davis/Kristin_Davis_0002.jpg
275,Kristin_Davis,0003,dataset/Kristin_Davis/Kristin_Davis_0003.jpg
276,Lance_Armstrong,0001,dataset/Lance_Armstrong/Lance_Armstrong_0001.jpg
277,Lance_Armstrong,0010,dataset/Lance_Armstrong/Lance_Armstrong_0010.jpg
278,Lance_Armstrong,0011,dataset/Lance_Armstrong/Lance_Armstrong_0011.jpg
279,Lance_Armstrong,0014,dataset/Lance_Armstrong/Lance_Armstrong_0014.jpg
280,Lance_Armstrong,0017,dataset/Lance_Armstrong/Lance_Armstrong_0017.jpg
281,Lance_Armstrong,0018,dataset/Lance_Armstrong/Lance_Armstrong_0018.jpg
282,Lance_Armstrong,0005,dataset/Lance_Armstrong/Lance_Armstrong_0005.jpg
283,Lance_Armstrong,0007,dataset/Lance_Armstrong/Lance_Armstrong_0007.jpg
284,Laurent_Jalabert,0001,dataset/Laurent_Jalabert/Laurent_Jalabert_0001.jpg
285,Laurent_Jalabert,0002,dataset/Laurent_Jalabert/Laurent_Jalabert_0002.jpg
286,Lindsey_Graham,0001,dataset/Lindsey_Graham/Lindsey_Graham_0001.jpg
287,Lindsey_Graham,0002,dataset/Lindsey_Graham/Lindsey_Graham_0002.jpg
288,Lisa_Gottsegen,0001,dataset/Lisa_Gottsegen/Lisa_Gottsegen_0001.jpg
289,Lisa_Gottsegen,0002,dataset/Lisa_Gottsegen/Lisa_Gottsegen_0002.jpg
290,Lleyton_Hewitt,0001,dataset/Lleyton_Hewitt/Lleyton_Hewitt_0001.jpg
291,Lleyton_Hewitt,0013,dataset/Lleyton_Hewitt/Lleyton_Hewitt_0013.jpg
292,Lleyton_Hewitt,0016,dataset/Lleyton_Hewitt/Lleyton_Hewitt_0016.jpg
293,Lleyton_Hewitt,0018,dataset/Lleyton_Hewitt/Lleyton_Hewitt_0018.jpg
294,Lleyton_Hewitt,0024,dataset/Lleyton_Hewitt/Lleyton_Hewitt_0024.jpg
295,Lleyton_Hewitt,0027,dataset/Lleyton_Hewitt/Lleyton_Hewitt_0027.jpg
296,Lleyton_Hewitt,0036,dataset/Lleyton_Hewitt/Lleyton_Hewitt_0036.jpg
297,Lleyton_Hewitt,0037,dataset/Lleyton_Hewitt/Lleyton_Hewitt_0037.jpg
298,Luis_Ernesto_Derbez_Bautista,0003,dataset/Luis_Ernesto_Derbez_Bautista/Luis_Ernesto_Derbez_Bautista_0003.jpg
299,Luis_Ernesto_Derbez_Bautista,0006,dataset/Luis_Ernesto_Derbez_Bautista/Luis_Ernesto_Derbez_Bautista_0006.jpg
300,Mario_Dumont,0001,dataset/Mario_Dumont/Mario_Dumont_0001.jpg
301,Mario_Dumont,0002,dataset/Mario_Dumont/Mario_Dumont_0002.jpg
302,Mark_Wahlberg,0001,dataset/Mark_Wahlberg/Mark_Wahlberg_0001.jpg
303,Mark_Wahlberg,0002,dataset/Mark_Wahlberg/Mark_Wahlberg_0002.jpg
304,Mark_Wahlberg,0003,dataset/Mark_Wahlberg/Mark_Wahlberg_0003.jpg
305,Mark_Wahlberg,0004,dataset/Mark_Wahlberg/Mark_Wahlberg_0004.jpg
306,Marlene_Weingartner,0001,dataset/Marlene_Weingartner/Marlene_Weingartner_0001.jpg
307,Marlene_Weingartner,0002,dataset/Marlene_Weingartner/Marlene_Weingartner_0002.jpg
308,Martha_Bowen,0001,dataset/Martha_Bowen/Martha_Bowen_0001.jpg
309,Martha_Bowen,0002,dataset/Martha_Bowen/Martha_Bowen_0002.jpg
310,Martin_Cauchon,0001,dataset/Martin_Cauchon/Martin_Cauchon_0001.jpg
311,Martin_Cauchon,0002,dataset/Martin_Cauchon/Martin_Cauchon_0002.jpg
312,Martin_Hoellwarth,0001,dataset/Martin_Hoellwarth/Martin_Hoellwarth_0001.jpg
313,Martin_Hoellwarth,0002,dataset/Martin_Hoellwarth/Martin_Hoellwarth_0002.jpg
314,Martin_Sheen,0001,dataset/Martin_Sheen/Martin_Sheen_0001.jpg
315,Martin_Sheen,0002,dataset/Martin_Sheen/Martin_Sheen_0002.jpg
316,Matthew_Broderick,0001,dataset/Matthew_Broderick/Matthew_Broderick_0001.jpg
317,Matthew_Broderick,0002,dataset/Matthew_Broderick/Matthew_Broderick_0002.jpg
318,Matthew_Broderick,0003,dataset/Matthew_Broderick/Matthew_Broderick_0003.jpg
319,Matthew_Broderick,0004,dataset/Matthew_Broderick/Matthew_Broderick_0004.jpg
320,Mike_Krzyzewski,0001,dataset/Mike_Krzyzewski/Mike_Krzyzewski_0001.jpg
321,Mike_Krzyzewski,0006,dataset/Mike_Krzyzewski/Mike_Krzyzewski_0006.jpg
322,Mikhail_Gorbachev,0001,dataset/Mikhail_Gorbachev/Mikhail_Gorbachev_0001.jpg
323,Mikhail_Gorbachev,0002,dataset/Mikhail_Gorbachev/Mikhail_Gorbachev_0002.jpg
324,Monica_Bellucci,0001,dataset/Monica_Bellucci/Monica_Bellucci_0001.jpg
325,Monica_Bellucci,0002,dataset/Monica_Bellucci/Monica_Bellucci_0002.jpg
326,Monica_Bellucci,0004,dataset/Monica_Bellucci/Monica_Bellucci_0004.jpg
327,Naomi_Campbell,0001,dataset/Naomi_Campbell/Naomi_Campbell_0001.jpg
328,Naomi_Campbell,0002,dataset/Naomi_Campbell/Naomi_Campbell_0002.jpg
329,Nestor_Kirchner,0012,dataset/Nestor_Kirchner/Nestor_Kirchner_0012.jpg
330,Nestor_Kirchner,0017,dataset/Nestor_Kirchner/Nestor_Kirchner_0017.jpg
331,Nestor_Kirchner,0021,dataset/Nestor_Kirchner/Nestor_Kirchner_0021.jpg
332,Nestor_Kirchner,0025,dataset/Nestor_Kirchner/Nestor_Kirchner_0025.jpg
333,Nestor_Kirchner,0003,dataset/Nestor_Kirchner/Nestor_Kirchner_0003.jpg
334,Nestor_Kirchner,0030,dataset/Nestor_Kirchner/Nestor_Kirchner_0030.jpg
335,Nicolas_Lapentti,0001,dataset/Nicolas_Lapentti/Nicolas_Lapentti_0001.jpg
336,Nicolas_Lapentti,0002,dataset/Nicolas_Lapentti/Nicolas_Lapentti_0002.jpg
337,Noah_Wyle,0002,dataset/Noah_Wyle/Noah_Wyle_0002.jpg
338,Noah_Wyle,0003,dataset/Noah_Wyle/Noah_Wyle_0003.jpg
339,Nora_Bendijo,0001,dataset/Nora_Bendijo/Nora_Bendijo_0001.jpg
340,Nora_Bendijo,0002,dataset/Nora_Bendijo/Nora_Bendijo_0002.jpg
341,Nursultan_Nazarbayev,0001,dataset/Nursultan_Nazarbayev/Nursultan_Nazarbayev_0001.jpg
342,Nursultan_Nazarbayev,0002,dataset/Nursultan_Nazarbayev/Nursultan_Nazarbayev_0002.jpg
343,Pamela_Anderson,0001,dataset/Pamela_Anderson/Pamela_Anderson_0001.jpg
344,Pamela_Anderson,0002,dataset/Pamela_Anderson/Pamela_Anderson_0002.jpg
345,Pamela_Anderson,0005,dataset/Pamela_Anderson/Pamela_Anderson_0005.jpg
346,Patricia_Heaton,0001,dataset/Patricia_Heaton/Patricia_Heaton_0001.jpg
347,Patricia_Heaton,0002,dataset/Patricia_Heaton/Patricia_Heaton_0002.jpg
348,Patty_Schnyder,0001,dataset/Patty_Schnyder/Patty_Schnyder_0001.jpg
349,Patty_Schnyder,0002,dataset/Patty_Schnyder/Patty_Schnyder_0002.jpg
350,Patty_Schnyder,0003,dataset/Patty_Schnyder/Patty_Schnyder_0003.jpg
351,Patty_Schnyder,0004,dataset/Patty_Schnyder/Patty_Schnyder_0004.jpg
352,Paul_Bremer,0010,dataset/Paul_Bremer/Paul_Bremer_0010.jpg
353,Paul_Bremer,0014,dataset/Paul_Bremer/Paul_Bremer_0014.jpg
354,Paul_Bremer,0015,dataset/Paul_Bremer/Paul_Bremer_0015.jpg
355,Paul_Bremer,0016,dataset/Paul_Bremer/Paul_Bremer_0016.jpg
356,Paul_Bremer,0017,dataset/Paul_Bremer/Paul_Bremer_0017.jpg
357,Paul_Bremer,0006,dataset/Paul_Bremer/Paul_Bremer_0006.jpg
358,Paul_Bremer,0007,dataset/Paul_Bremer/Paul_Bremer_0007.jpg
359,Paul_Bremer,0009,dataset/Paul_Bremer/Paul_Bremer_0009.jpg
360,Paul_Sarbanes,0001,dataset/Paul_Sarbanes/Paul_Sarbanes_0001.jpg
361,Paul_Sarbanes,0002,dataset/Paul_Sarbanes/Paul_Sarbanes_0002.jpg
362,Paul_Sarbanes,0003,dataset/Paul_Sarbanes/Paul_Sarbanes_0003.jpg
363,Paul_William_Hurley,0001,dataset/Paul_William_Hurley/Paul_William_Hurley_0001.jpg
364,Paul_William_Hurley,0002,dataset/Paul_William_Hurley/Paul_William_Hurley_0002.jpg
365,Pervez_Musharraf,0001,dataset/Pervez_Musharraf/Pervez_Musharraf_0001.jpg
366,Pervez_Musharraf,0010,dataset/Pervez_Musharraf/Pervez_Musharraf_0010.jpg
367,Pervez_Musharraf,0014,dataset/Pervez_Musharraf/Pervez_Musharraf_0014.jpg
368,Pervez_Musharraf,0015,dataset/Pervez_Musharraf/Pervez_Musharraf_0015.jpg
369,Pervez_Musharraf,0016,dataset/Pervez_Musharraf/Pervez_Musharraf_0016.jpg
370,Pervez_Musharraf,0002,dataset/Pervez_Musharraf/Pervez_Musharraf_0002.jpg
371,Pervez_Musharraf,0003,dataset/Pervez_Musharraf/Pervez_Musharraf_0003.jpg
372,Pervez_Musharraf,0004,dataset/Pervez_Musharraf/Pervez_Musharraf_0004.jpg
373,Pervez_Musharraf,0005,dataset/Pervez_Musharraf/Pervez_Musharraf_0005.jpg
374,Pervez_Musharraf,0006,dataset/Pervez_Musharraf/Pervez_Musharraf_0006.jpg
375,Pervez_Musharraf,0007,dataset/Pervez_Musharraf/Pervez_Musharraf_0007.jpg
376,Phil_Gramm,0001,dataset/Phil_Gramm/Phil_Gramm_0001.jpg
377,Phil_Gramm,0002,dataset/Phil_Gramm/Phil_Gramm_0002.jpg
378,Prince_Edward,0001,dataset/Prince_Edward/Prince_Edward_0001.jpg
379,Prince_Edward,0002,dataset/Prince_Edward/Prince_Edward_0002.jpg
380,Ricardo_Lagos,0012,dataset/Ricardo_Lagos/Ricardo_Lagos_0012.jpg
381,Ricardo_Lagos,0023,dataset/Ricardo_Lagos/Ricardo_Lagos_0023.jpg
382,Ricardo_Lagos,0027,dataset/Ricardo_Lagos/Ricardo_Lagos_0027.jpg
383,Ricardo_Lagos,0003,dataset/Ricardo_Lagos/Ricardo_Lagos_0003.jpg
384,Ricardo_Monasterio,0001,dataset/Ricardo_Monasterio/Ricardo_Monasterio_0001.jpg
385,Ricardo_Monasterio,0002,dataset/Ricardo_Monasterio/Ricardo_Monasterio_0002.jpg
386,Rich_Gannon,0001,dataset/Rich_Gannon/Rich_Gannon_0001.jpg
387,Rich_Gannon,0002,dataset/Rich_Gannon/Rich_Gannon_0002.jpg
388,Rick_Perry,0001,dataset/Rick_Perry/Rick_Perry_0001.jpg
389,Rick_Perry,0002,dataset/Rick_Perry/Rick_Perry_0002.jpg
390,Rick_Perry,0003,dataset/Rick_Perry/Rick_Perry_0003.jpg
391,Rick_Perry,0004,dataset/Rick_Perry/Rick_Perry_0004.jpg
392,Rick_Perry,0005,dataset/Rick_Perry/Rick_Perry_0005.jpg
393,Robert_Bonner,0002,dataset/Robert_Bonner/Robert_Bonner_0002.jpg
394,Robert_Bonner,0003,dataset/Robert_Bonner/Robert_Bonner_0003.jpg
395,Robert_Evans,0002,dataset/Robert_Evans/Robert_Evans_0002.jpg
396,Robert_Evans,0003,dataset/Robert_Evans/Robert_Evans_0003.jpg
397,Robert_Fico,0001,dataset/Robert_Fico/Robert_Fico_0001.jpg
398,Robert_Fico,0002,dataset/Robert_Fico/Robert_Fico_0002.jpg
399,Romano_Prodi,0003,dataset/Romano_Prodi/Romano_Prodi_0003.jpg
400,Romano_Prodi,0005,dataset/Romano_Prodi/Romano_Prodi_0005.jpg
401,Roy_Moore,0002,dataset/Roy_Moore/Roy_Moore_0002.jpg
402,Roy_Moore,0003,dataset/Roy_Moore/Roy_Moore_0003.jpg
403,Roy_Moore,0005,dataset/Roy_Moore/Roy_Moore_0005.jpg
404,Roy_Moore,0006,dataset/Roy_Moore/Roy_Moore_0006.jpg
405,Sachiko_Yamada,0001,dataset/Sachiko_Yamada/Sachiko_Yamada_0001.jpg
406,Sachiko_Yamada,0002,dataset/Sachiko_Yamada/Sachiko_Yamada_0002.jpg
407,Sachiko_Yamada,0003,dataset/Sachiko_Yamada/Sachiko_Yamada_0003.jpg
408,Sachiko_Yamada,0004,dataset/Sachiko_Yamada/Sachiko_Yamada_0004.jpg
409,Saeb_Erekat,0001,dataset/Saeb_Erekat/Saeb_Erekat_0001.jpg
410,Saeb_Erekat,0002,dataset/Saeb_Erekat/Saeb_Erekat_0002.jpg
411,Sam_Bith,0001,dataset/Sam_Bith/Sam_Bith_0001.jpg
412,Sam_Bith,0002,dataset/Sam_Bith/Sam_Bith_0002.jpg
413,Sam_Bith,0003,dataset/Sam_Bith/Sam_Bith_0003.jpg
414,Sean_Hayes,0001,dataset/Sean_Hayes/Sean_Hayes_0001.jpg
415,Sean_Hayes,0002,dataset/Sean_Hayes/Sean_Hayes_0002.jpg
416,Sergio_Garcia,0001,dataset/Sergio_Garcia/Sergio_Garcia_0001.jpg
417,Sergio_Garcia,0002,dataset/Sergio_Garcia/Sergio_Garcia_0002.jpg
418,Silvia_Farina_Elia,0001,dataset/Silvia_Farina_Elia/Silvia_Farina_Elia_0001.jpg
419,Silvia_Farina_Elia,0002,dataset/Silvia_Farina_Elia/Silvia_Farina_Elia_0002.jpg
420,Steve_Ballmer,0001,dataset/Steve_Ballmer/Steve_Ballmer_0001.jpg
421,Steve_Ballmer,0002,dataset/Steve_Ballmer/Steve_Ballmer_0002.jpg
422,Steve_Ballmer,0003,dataset/Steve_Ballmer/Steve_Ballmer_0003.jpg
423,Stockard_Channing,0001,dataset/Stockard_Channing/Stockard_Channing_0001.jpg
424,Stockard_Channing,0002,dataset/Stockard_Channing/Stockard_Channing_0002.jpg
425,Stockard_Channing,0003,dataset/Stockard_Channing/Stockard_Channing_0003.jpg
426,Terry_McAuliffe,0001,dataset/Terry_McAuliffe/Terry_McAuliffe_0001.jpg
427,Terry_McAuliffe,0002,dataset/Terry_McAuliffe/Terry_McAuliffe_0002.jpg
428,Terry_McAuliffe,0003,dataset/Terry_McAuliffe/Terry_McAuliffe_0003.jpg
429,Thomas_Rupprath,0001,dataset/Thomas_Rupprath/Thomas_Rupprath_0001.jpg
430,Thomas_Rupprath,0002,dataset/Thomas_Rupprath/Thomas_Rupprath_0002.jpg
431,Thomas_Rupprath,0003,dataset/Thomas_Rupprath/Thomas_Rupprath_0003.jpg
432,Tom_Ridge,0016,dataset/Tom_Ridge/Tom_Ridge_0016.jpg
433,Tom_Ridge,0018,dataset/Tom_Ridge/Tom_Ridge_0018.jpg
434,Tom_Ridge,0022,dataset/Tom_Ridge/Tom_Ridge_0022.jpg
435,Tom_Ridge,0025,dataset/Tom_Ridge/Tom_Ridge_0025.jpg
436,Tom_Ridge,0026,dataset/Tom_Ridge/Tom_Ridge_0026.jpg
437,Tom_Ridge,0006,dataset/Tom_Ridge/Tom_Ridge_0006.jpg
438,Tom_Ridge,0008,dataset/Tom_Ridge/Tom_Ridge_0008.jpg
439,Tom_Ridge,0009,dataset/Tom_Ridge/Tom_Ridge_0009.jpg
440,Tommy_Haas,0004,dataset/Tommy_Haas/Tommy_Haas_0004.jpg
441,Tommy_Haas,0005,dataset/Tommy_Haas/Tommy_Haas_0005.jpg
442,Tommy_Thompson,0001,dataset/Tommy_Thompson/Tommy_Thompson_0001.jpg
443,Tommy_Thompson,0002,dataset/Tommy_Thompson/Tommy_Thompson_0002.jpg
444,Tommy_Thompson,0004,dataset/Tommy_Thompson/Tommy_Thompson_0004.jpg
445,Tommy_Thompson,0006,dataset/Tommy_Thompson/Tommy_Thompson_0006.jpg
446,Tommy_Thompson,0007,dataset/Tommy_Thompson/Tommy_Thompson_0007.jpg
447,Tommy_Thompson,0008,dataset/Tommy_Thompson/Tommy_Thompson_0008.jpg
448,Tommy_Thompson,0009,dataset/Tommy_Thompson/Tommy_Thompson_0009.jpg
449,Tomoko_Hagiwara,0001,dataset/Tomoko_Hagiwara/Tomoko_Hagiwara_0001.jpg
450,Tomoko_Hagiwara,0002,dataset/Tomoko_Hagiwara/Tomoko_Hagiwara_0002.jpg
451,Trent_Lott,0001,dataset/Trent_Lott/Trent_Lott_0001.jpg
452,Trent_Lott,0010,dataset/Trent_Lott/Trent_Lott_0010.jpg
453,Trent_Lott,0011,dataset/Trent_Lott/Trent_Lott_0011.jpg
454,Trent_Lott,0016,dataset/Trent_Lott/Trent_Lott_0016.jpg
455,Trent_Lott,0002,dataset/Trent_Lott/Trent_Lott_0002.jpg
456,Trent_Lott,0003,dataset/Trent_Lott/Trent_Lott_0003.jpg
457,Trent_Lott,0006,dataset/Trent_Lott/Trent_Lott_0006.jpg
458,Trent_Lott,0007,dataset/Trent_Lott/Trent_Lott_0007.jpg
459,Trent_Lott,0008,dataset/Trent_Lott/Trent_Lott_0008.jpg
460,Tsutomu_Takebe,0001,dataset/Tsutomu_Takebe/Tsutomu_Takebe_0001.jpg
461,Tsutomu_Takebe,0002,dataset/Tsutomu_Takebe/Tsutomu_Takebe_0002.jpg
462,Tyler_Hamilton,0001,dataset/Tyler_Hamilton/Tyler_Hamilton_0001.jpg
463,Tyler_Hamilton,0002,dataset/Tyler_Hamilton/Tyler_Hamilton_0002.jpg
464,Tyra_Banks,0001,dataset/Tyra_Banks/Tyra_Banks_0001.jpg
465,Tyra_Banks,0002,dataset/Tyra_Banks/Tyra_Banks_0002.jpg
466,Vaclav_Havel,0002,dataset/Vaclav_Havel/Vaclav_Havel_0002.jpg
467,Vaclav_Havel,0004,dataset/Vaclav_Havel/Vaclav_Havel_0004.jpg
468,Vaclav_Havel,0005,dataset/Vaclav_Havel/Vaclav_Havel_0005.jpg
469,Vaclav_Havel,0006,dataset/Vaclav_Havel/Vaclav_Havel_0006.jpg
470,Vaclav_Havel,0007,dataset/Vaclav_Havel/Vaclav_Havel_0007.jpg
471,Vaclav_Havel,0009,dataset/Vaclav_Havel/Vaclav_Havel_0009.jpg
472,Valerie_Harper,0001,dataset/Valerie_Harper/Valerie_Harper_0001.jpg
473,Valerie_Harper,0002,dataset/Valerie_Harper/Valerie_Harper_0002.jpg
474,Vince_Carter,0003,dataset/Vince_Carter/Vince_Carter_0003.jpg
475,Vince_Carter,0004,dataset/Vince_Carter/Vince_Carter_0004.jpg
476,Vincent_Brooks,0002,dataset/Vincent_Brooks/Vincent_Brooks_0002.jpg
477,Vincent_Brooks,0003,dataset/Vincent_Brooks/Vincent_Brooks_0003.jpg
478,Vincent_Brooks,0004,dataset/Vincent_Brooks/Vincent_Brooks_0004.jpg
479,Vincent_Brooks,0005,dataset/Vincent_Brooks/Vincent_Brooks_0005.jpg
480,Vincent_Brooks,0007,dataset/Vincent_Brooks/Vincent_Brooks_0007.jpg
481,Vincent_Gallo,0001,dataset/Vincent_Gallo/Vincent_Gallo_0001.jpg
482,Vincent_Gallo,0002,dataset/Vincent_Gallo/Vincent_Gallo_0002.jpg
483,Vitali_Klitschko,0001,dataset/Vitali_Klitschko/Vitali_Klitschko_0001.jpg
484,Vitali_Klitschko,0002,dataset/Vitali_Klitschko/Vitali_Klitschko_0002.jpg
485,Vitali_Klitschko,0003,dataset/Vitali_Klitschko/Vitali_Klitschko_0003.jpg
486,Vitali_Klitschko,0004,dataset/Vitali_Klitschko/Vitali_Klitschko_0004.jpg
487,William_Macy,0001,dataset/William_Macy/William_Macy_0001.jpg
488,William_Macy,0002,dataset/William_Macy/William_Macy_0002.jpg
489,William_Macy,0003,dataset/William_Macy/William_Macy_0003.jpg
490,William_Macy,0004,dataset/William_Macy/William_Macy_0004.jpg
491,Woody_Allen,0002,dataset/Woody_Allen/Woody_Allen_0002.jpg
492,Woody_Allen,0003,dataset/Woody_Allen/Woody_Allen_0003.jpg
493,Woody_Allen,0004,dataset/Woody_Allen/Woody_Allen_0004.jpg
494,Woody_Allen,0005,dataset/Woody_Allen/Woody_Allen_0005.jpg
495,Yukiko_Okudo,0001,dataset/Yukiko_Okudo/Yukiko_Okudo_0001.jpg
496,Yukiko_Okudo,0002,dataset/Yukiko_Okudo/Yukiko_Okudo_0002.jpg
497,Zico,0001,dataset/Zico/Zico_0001.jpg
498,Zico,0002,dataset/Zico/Zico_0002.jpg
499,Zico,0003,dataset/Zico/Zico_0003.jpg
